corpus_a,id_a,label_a,corpus_b,id_b,label_b,hamming,corr
qatar,Normal-1334.png,0,qatar,Normal-95.png,0,8,0.9772040247917175
qatar,Tuberculosis-164.png,1,qatar,Tuberculosis-165.png,1,8,0.9714273810386658
qatar,Tuberculosis-243.png,1,qatar,Tuberculosis-244.png,1,0,0.9999996423721313
qatar,Tuberculosis-346.png,1,qatar,Tuberculosis-348.png,1,0,1.0
qatar,Tuberculosis-378.png,1,qatar,Tuberculosis-430.png,1,0,1.000000238418579
qatar,Tuberculosis-386.png,1,qatar,Tuberculosis-405.png,1,0,0.9999998211860657
qatar,Tuberculosis-396.png,1,qatar,Tuberculosis-471.png,1,0,0.9999997615814209
qatar,Tuberculosis-443.png,1,qatar,Tuberculosis-449.png,1,8,0.9715448617935181
qatar,Tuberculosis-467.png,1,qatar,Tuberculosis-468.png,1,4,0.9985784292221069
qatar,Tuberculosis-467.png,1,qatar,Tuberculosis-469.png,1,0,0.9999873638153076
qatar,Tuberculosis-467.png,1,qatar,Tuberculosis-470.png,1,2,0.9936521053314209
qatar,Tuberculosis-468.png,1,qatar,Tuberculosis-469.png,1,4,0.9985649585723877
qatar,Tuberculosis-468.png,1,qatar,Tuberculosis-470.png,1,6,0.9911333322525024
qatar,Tuberculosis-469.png,1,qatar,Tuberculosis-470.png,1,2,0.9936476945877075
qatar,Tuberculosis-509.png,1,qatar,Tuberculosis-510.png,1,0,0.9999998807907104
qatar,Tuberculosis-579.png,1,qatar,Tuberculosis-582.png,1,2,0.9958071708679199
qatar,Normal-1397.png,0,tbx11k,s1345.png,0,0,0.9998161196708679
qatar,Normal-1402.png,0,tbx11k,s3006.png,0,2,0.9997822046279907
qatar,Normal-1439.png,0,tbx11k,s0905.png,0,0,0.9998412132263184
qatar,Normal-1585.png,0,tbx11k,s4017.png,0,0,0.9998362064361572
qatar,Normal-1724.png,0,tbx11k,s1294.png,0,2,0.9997560381889343
qatar,Normal-1858.png,0,tbx11k,s3370.png,0,0,0.9997616410255432
qatar,Normal-2039.png,0,tbx11k,s1542.png,0,0,0.9996291399002075
qatar,Normal-2053.png,0,tbx11k,s3062.png,0,0,0.9996154308319092
qatar,Normal-2522.png,0,tbx11k,s1758.png,0,2,0.9989171624183655
qatar,Normal-2737.png,0,tbx11k,s1441.png,0,0,0.9999797344207764
qatar,Normal-547.png,0,tbx11k,s2458.png,0,2,0.9996868371963501
qatar,Normal-601.png,0,tbx11k,s2343.png,0,0,0.9997130632400513
shenzhen,CHNCXR_0024_0.png,0,shenzhen,CHNCXR_0162_0.png,0,6,0.9702563881874084
pakistan,TB.1000.jpg,1,pakistan,TB.2040.jpg,1,0,0.9999998211860657
pakistan,TB.1889.jpg,1,pakistan,TB.2246.jpg,1,4,0.9883698225021362
pakistan,TB.508.jpg,1,pakistan,TB.513.jpg,1,0,0.9797704815864563
pakistan,TB.515.jpg,1,pakistan,TB.528.jpg,1,4,0.9742749929428101
pakistan,TB.520.jpg,1,pakistan,TB.546.jpg,1,4,0.9837972521781921
pakistan,TB.522.jpg,1,pakistan,TB.531.jpg,1,2,0.9834522604942322
pakistan,TB.551.jpg,1,pakistan,TB.561.jpg,1,4,0.9702457189559937
pakistan,TB.555.jpg,1,pakistan,TB.572.jpg,1,2,0.9813377857208252
pakistan,TB.572.jpg,1,pakistan,TB.574.jpg,1,4,0.9710581302642822
pakistan,TB.659.jpg,1,pakistan,TB.672.jpg,1,0,0.9999998807907104
pakistan,TB.661.jpg,1,pakistan,TB.686.jpg,1,0,1.0
pakistan,TB.670.jpg,1,pakistan,TB.691.jpg,1,0,1.0
pakistan,TB.703.jpg,1,pakistan,TB.745.jpg,1,0,1.0000001192092896
pakistan,TB.704.jpg,1,pakistan,TB.715.jpg,1,0,1.0
pakistan,TB.705.jpg,1,pakistan,TB.754.jpg,1,0,1.0
pakistan,TB.707.jpg,1,pakistan,TB.738.jpg,1,0,1.000000238418579
pakistan,TB.708.jpg,1,pakistan,TB.714.jpg,1,0,0.9999996423721313
pakistan,TB.709.jpg,1,pakistan,TB.736.jpg,1,0,1.0
pakistan,TB.711.jpg,1,pakistan,TB.717.jpg,1,0,1.0
pakistan,TB.713.jpg,1,pakistan,TB.753.jpg,1,0,0.9999998807907104
pakistan,TB.716.jpg,1,pakistan,TB.722.jpg,1,0,1.0
pakistan,TB.718.jpg,1,pakistan,TB.740.jpg,1,0,1.000000238418579
pakistan,TB.719.jpg,1,pakistan,TB.739.jpg,1,0,1.0000001192092896
pakistan,TB.721.jpg,1,pakistan,TB.724.jpg,1,0,1.0
pakistan,TB.725.jpg,1,pakistan,TB.743.jpg,1,0,1.0
pakistan,TB.728.jpg,1,pakistan,TB.731.jpg,1,0,1.0
pakistan,TB.741.jpg,1,pakistan,TB.752.jpg,1,0,1.000000238418579
pakistan,TB.760.jpg,1,pakistan,TB.779.jpg,1,0,1.000000238418579
pakistan,TB.769.jpg,1,pakistan,TB.790.jpg,1,0,1.0000001192092896
pakistan,others (507).jpg,0,pakistan,others (508).jpg,0,4,0.9877982139587402
pakistan,others (509).jpg,0,pakistan,others (76).jpg,0,0,1.0
pakistan,others (510).jpg,0,pakistan,others (77).jpg,0,0,1.0000003576278687
pakistan,others (511).jpg,0,pakistan,others (78).jpg,0,0,1.0
pakistan,others (512).jpg,0,pakistan,others (79).jpg,0,0,0.9999998807907104
pakistan,others (513).jpg,0,pakistan,others (80).jpg,0,0,0.9999996423721313
tbx11k,h0001.png,0,tbx11k,h2444.png,0,8,0.9743882417678833
tbx11k,h0001.png,0,tbx11k,h4419.png,0,6,0.9792672395706177
tbx11k,h0033.png,0,tbx11k,h0269.png,0,6,0.9765801429748535
tbx11k,h0033.png,0,tbx11k,h0948.png,0,8,0.970421552658081
tbx11k,h0033.png,0,tbx11k,h2170.png,0,4,0.9734473824501038
tbx11k,h0033.png,0,tbx11k,h4856.png,0,8,0.9722244143486023
tbx11k,h0034.png,0,tbx11k,h0279.png,0,6,0.9716860055923462
tbx11k,h0104.png,0,tbx11k,h4750.png,0,2,0.9729094505310059
tbx11k,h0111.png,0,tbx11k,h2300.png,0,8,0.9717379808425903
tbx11k,h0267.png,0,tbx11k,h0577.png,0,6,0.9707083702087402
tbx11k,h0299.png,0,tbx11k,h4110.png,0,8,0.9735500812530518
tbx11k,h0316.png,0,tbx11k,h1616.png,0,8,0.9719611406326294
tbx11k,h0316.png,0,tbx11k,h4531.png,0,8,0.9727102518081665
tbx11k,h0318.png,0,tbx11k,h1532.png,0,8,0.9716379642486572
tbx11k,h0345.png,0,tbx11k,h4183.png,0,6,0.9726946353912354
tbx11k,h0415.png,0,tbx11k,h4142.png,0,4,0.9726502895355225
tbx11k,h0444.png,0,tbx11k,h2209.png,0,8,0.9742029309272766
tbx11k,h0444.png,0,tbx11k,h4575.png,0,6,0.9712437391281128
tbx11k,h0567.png,0,tbx11k,h1568.png,0,8,0.9729641675949097
tbx11k,h0638.png,0,tbx11k,h4958.png,0,6,0.9713917970657349
tbx11k,h0717.png,0,tbx11k,h4449.png,0,8,0.972671627998352
tbx11k,h0850.png,0,tbx11k,h3400.png,0,4,0.9789175987243652
tbx11k,h0850.png,0,tbx11k,h3975.png,0,2,0.9734591245651245
tbx11k,h0921.png,0,tbx11k,h0948.png,0,6,0.9730150699615479
tbx11k,h0939.png,0,tbx11k,h0955.png,0,8,0.9749600887298584
tbx11k,h0949.png,0,tbx11k,h4770.png,0,8,0.9707380533218384
tbx11k,h0962.png,0,tbx11k,h4074.png,0,4,0.9781713485717773
tbx11k,h0995.png,0,tbx11k,h3712.png,0,4,0.972321629524231
tbx11k,h1015.png,0,tbx11k,h2090.png,0,8,0.9703664779663086
tbx11k,h1015.png,0,tbx11k,h4930.png,0,8,0.9711346626281738
tbx11k,h1186.png,0,tbx11k,h3202.png,0,6,0.9714311957359314
tbx11k,h1359.png,0,tbx11k,h4647.png,0,4,0.9712167978286743
tbx11k,h1395.png,0,tbx11k,h4244.png,0,8,0.9777287244796753
tbx11k,h1417.png,0,tbx11k,h4261.png,0,6,0.9729062914848328
tbx11k,h1672.png,0,tbx11k,h4575.png,0,6,0.9748855829238892
tbx11k,h1786.png,0,tbx11k,h4366.png,0,4,0.9722123146057129
tbx11k,h1816.png,0,tbx11k,h2915.png,0,6,0.9719283580780029
tbx11k,h1816.png,0,tbx11k,h4594.png,0,8,0.9710707068443298
tbx11k,h1828.png,0,tbx11k,h4859.png,0,6,0.9715728759765625
tbx11k,h1829.png,0,tbx11k,h3962.png,0,8,0.9711109399795532
tbx11k,h1832.png,0,tbx11k,h3348.png,0,2,0.9807451367378235
tbx11k,h1857.png,0,tbx11k,h2314.png,0,6,0.9757192134857178
tbx11k,h1906.png,0,tbx11k,h3387.png,0,8,0.9750527739524841
tbx11k,h1987.png,0,tbx11k,h3905.png,0,8,0.9704626202583313
tbx11k,h2150.png,0,tbx11k,h4281.png,0,8,0.973550021648407
tbx11k,h2209.png,0,tbx11k,h4575.png,0,8,0.9703106880187988
tbx11k,h2218.png,0,tbx11k,h3307.png,0,6,0.9749868512153625
tbx11k,h2300.png,0,tbx11k,h2545.png,0,8,0.9717181921005249
tbx11k,h2423.png,0,tbx11k,h3721.png,0,6,0.9730271697044373
tbx11k,h2493.png,0,tbx11k,h2871.png,0,4,0.9796543121337891
tbx11k,h2526.png,0,tbx11k,h3046.png,0,6,0.9765995740890503
tbx11k,h2526.png,0,tbx11k,h3797.png,0,4,0.9713160991668701
tbx11k,h2645.png,0,tbx11k,h3820.png,0,6,0.9709880352020264
tbx11k,h2669.png,0,tbx11k,h2901.png,0,6,0.9711126089096069
tbx11k,h2691.png,0,tbx11k,h2707.png,0,8,0.9702399373054504
tbx11k,h2758.png,0,tbx11k,h3820.png,0,4,0.9718868732452393
tbx11k,h2848.png,0,tbx11k,h4789.png,0,8,0.9754225611686707
tbx11k,h2857.png,0,tbx11k,h3126.png,0,8,0.9763357639312744
tbx11k,h2871.png,0,tbx11k,h4903.png,0,6,0.9703571796417236
tbx11k,h3019.png,0,tbx11k,h3896.png,0,8,0.9709072709083557
tbx11k,h3048.png,0,tbx11k,h3820.png,0,6,0.9769997596740723
tbx11k,h3123.png,0,tbx11k,h4018.png,0,8,0.9711268544197083
tbx11k,h3137.png,0,tbx11k,h4287.png,0,4,0.976691484451294
tbx11k,h3387.png,0,tbx11k,h3500.png,0,8,0.9718676805496216
tbx11k,h3776.png,0,tbx11k,h3983.png,0,8,0.9742022156715393
tbx11k,h3797.png,0,tbx11k,h4286.png,0,8,0.9710004329681396
tbx11k,h3822.png,0,tbx11k,h4286.png,0,8,0.9728149175643921
tbx11k,h3873.png,0,tbx11k,h4423.png,0,8,0.9707242250442505
tbx11k,h4244.png,0,tbx11k,h4575.png,0,8,0.9701477289199829
tbx11k,h4261.png,0,tbx11k,h4770.png,0,6,0.9701509475708008
tbx11k,h4286.png,0,tbx11k,h4770.png,0,8,0.9706399440765381
tbx11k,h4311.png,0,tbx11k,h4930.png,0,8,0.9715011715888977
tbx11k,h4321.png,0,tbx11k,h4900.png,0,4,0.9706859588623047
tbx11k,s0009.png,0,tbx11k,s3576.png,0,0,1.0000003576278687
tbx11k,s0021.png,0,tbx11k,s0740.png,0,0,1.0
tbx11k,s0045.png,0,tbx11k,s4496.png,0,0,0.9999997615814209
tbx11k,s0055.png,0,tbx11k,s0480.png,0,0,0.9999998807907104
tbx11k,s0070.png,0,tbx11k,s1016.png,0,0,1.0000007152557373
tbx11k,s0081.png,0,tbx11k,s0398.png,0,0,0.9999998807907104
tbx11k,s0099.png,0,tbx11k,s4529.png,0,0,1.0000001192092896
tbx11k,s0109.png,0,tbx11k,s3378.png,0,0,0.9999999403953552
tbx11k,s0135.png,0,tbx11k,s1765.png,0,0,1.0000003576278687
tbx11k,s0138.png,0,tbx11k,s2287.png,0,0,0.9996854662895203
tbx11k,s0160.png,0,tbx11k,s0632.png,0,2,0.999916672706604
tbx11k,s0166.png,0,tbx11k,s0215.png,0,0,1.0000003576278687
tbx11k,s0179.png,0,tbx11k,s2760.png,0,0,0.9999998807907104
tbx11k,s0195.png,0,tbx11k,s0759.png,0,0,0.9999691247940063
tbx11k,s0199.png,0,tbx11k,s2193.png,0,0,0.9999998807907104
tbx11k,s0214.png,0,tbx11k,s1066.png,0,0,0.9999997615814209
tbx11k,s0228.png,0,tbx11k,s0707.png,0,0,0.9999958276748657
tbx11k,s0243.png,0,tbx11k,s0278.png,0,0,0.9999999403953552
tbx11k,s0256.png,0,tbx11k,s2194.png,0,2,0.997592568397522
tbx11k,s0259.png,0,tbx11k,s4003.png,0,0,1.0000001192092896
tbx11k,s0268.png,0,tbx11k,s3270.png,0,0,0.9999998211860657
tbx11k,s0270.png,0,tbx11k,s4019.png,0,0,1.0000004768371582
tbx11k,s0274.png,0,tbx11k,s3255.png,0,0,0.9996911883354187
tbx11k,s0290.png,0,tbx11k,s4856.png,0,0,1.000000238418579
tbx11k,s0296.png,0,tbx11k,s3741.png,0,0,0.9999999403953552
tbx11k,s0311.png,0,tbx11k,s2953.png,0,0,1.0
tbx11k,s0330.png,0,tbx11k,s4015.png,0,0,0.9999998807907104
tbx11k,s0369.png,0,tbx11k,s0715.png,0,2,0.9941153526306152
tbx11k,s0406.png,0,tbx11k,s2415.png,0,0,0.9999998807907104
tbx11k,s0448.png,0,tbx11k,s2542.png,0,0,1.0
tbx11k,s0450.png,0,tbx11k,s1770.png,0,0,1.000000238418579
tbx11k,s0467.png,0,tbx11k,s0935.png,0,0,0.9999998211860657
tbx11k,s0491.png,0,tbx11k,s3479.png,0,0,0.9999991059303284
tbx11k,s0494.png,0,tbx11k,s1450.png,0,0,0.9999996423721313
tbx11k,s0523.png,0,tbx11k,s3098.png,0,0,1.0
tbx11k,s0535.png,0,tbx11k,s4245.png,0,0,0.9999998211860657
tbx11k,s0537.png,0,tbx11k,s3446.png,0,0,0.9999999403953552
tbx11k,s0572.png,0,tbx11k,s4574.png,0,0,0.9999999403953552
tbx11k,s0578.png,0,tbx11k,s0990.png,0,0,0.9999951124191284
tbx11k,s0583.png,0,tbx11k,s3878.png,0,0,0.9999997615814209
tbx11k,s0647.png,0,tbx11k,s4415.png,0,0,1.000000238418579
tbx11k,s0658.png,0,tbx11k,s1372.png,0,8,0.9770771861076355
tbx11k,s0667.png,0,tbx11k,s1421.png,0,0,1.000000238418579
tbx11k,s0686.png,0,tbx11k,s2349.png,0,0,0.9999999403953552
tbx11k,s0712.png,0,tbx11k,s1779.png,0,0,0.9999997019767761
tbx11k,s0722.png,0,tbx11k,s3834.png,0,0,1.000000238418579
tbx11k,s0731.png,0,tbx11k,s2856.png,0,0,0.9999998807907104
tbx11k,s0751.png,0,tbx11k,s3886.png,0,0,1.0
tbx11k,s0765.png,0,tbx11k,s4621.png,0,0,1.0000001192092896
tbx11k,s0795.png,0,tbx11k,s4596.png,0,0,1.0000005960464478
tbx11k,s0810.png,0,tbx11k,s3624.png,0,0,0.9999999403953552
tbx11k,s0811.png,0,tbx11k,s3291.png,0,0,0.9999998807907104
tbx11k,s0818.png,0,tbx11k,s1267.png,0,0,0.9999997615814209
tbx11k,s0822.png,0,tbx11k,s1337.png,0,0,0.9999999403953552
tbx11k,s0842.png,0,tbx11k,s2752.png,0,0,0.999995231628418
tbx11k,s0865.png,0,tbx11k,s1987.png,0,0,1.0000001192092896
tbx11k,s0888.png,0,tbx11k,s1102.png,0,0,1.0
tbx11k,s0926.png,0,tbx11k,s2154.png,0,4,0.9889997839927673
tbx11k,s0963.png,0,tbx11k,s3794.png,0,2,0.9999921321868896
tbx11k,s0981.png,0,tbx11k,s2254.png,0,0,1.0
tbx11k,s1003.png,0,tbx11k,s2164.png,0,0,0.9999998211860657
tbx11k,s1004.png,0,tbx11k,s2904.png,0,0,0.9999996423721313
tbx11k,s1017.png,0,tbx11k,s2610.png,0,0,1.0
tbx11k,s1040.png,0,tbx11k,s2068.png,0,0,0.9999997615814209
tbx11k,s1046.png,0,tbx11k,s4401.png,0,2,0.9996455311775208
tbx11k,s1122.png,0,tbx11k,s4974.png,0,0,0.9999923706054688
tbx11k,s1124.png,0,tbx11k,s2345.png,0,0,0.9999996423721313
tbx11k,s1134.png,0,tbx11k,s4414.png,0,0,0.9997845888137817
tbx11k,s1157.png,0,tbx11k,s3012.png,0,0,1.0000001192092896
tbx11k,s1174.png,0,tbx11k,s1964.png,0,0,0.9999985694885254
tbx11k,s1193.png,0,tbx11k,s3628.png,0,0,1.0000009536743164
tbx11k,s1242.png,0,tbx11k,s1281.png,0,0,0.9999999403953552
tbx11k,s1255.png,0,tbx11k,s1995.png,0,0,1.0000001192092896
tbx11k,s1270.png,0,tbx11k,s1623.png,0,0,1.000000238418579
tbx11k,s1335.png,0,tbx11k,s3642.png,0,0,1.000000238418579
tbx11k,s1403.png,0,tbx11k,s1939.png,0,0,0.9999998807907104
tbx11k,s1426.png,0,tbx11k,s4284.png,0,0,1.0
tbx11k,s1427.png,0,tbx11k,s2583.png,0,0,0.9999997615814209
tbx11k,s1433.png,0,tbx11k,s1983.png,0,0,1.0
tbx11k,s1463.png,0,tbx11k,s2801.png,0,0,0.9999998807907104
tbx11k,s1466.png,0,tbx11k,s2500.png,0,0,1.0000001192092896
tbx11k,s1499.png,0,tbx11k,s2558.png,0,0,0.9999997615814209
tbx11k,s1529.png,0,tbx11k,s2166.png,0,0,0.999999463558197
tbx11k,s1626.png,0,tbx11k,s2117.png,0,0,1.0000005960464478
tbx11k,s1639.png,0,tbx11k,s3517.png,0,0,1.0000001192092896
tbx11k,s1647.png,0,tbx11k,s3714.png,0,0,0.999424159526825
tbx11k,s1697.png,0,tbx11k,s2210.png,0,0,1.0
tbx11k,s1706.png,0,tbx11k,s2857.png,0,0,0.9999997615814209
tbx11k,s1708.png,0,tbx11k,s4617.png,0,0,1.0000001192092896
tbx11k,s1795.png,0,tbx11k,s2295.png,0,2,0.9998708963394165
tbx11k,s1819.png,0,tbx11k,s4058.png,0,0,1.0000001192092896
tbx11k,s1851.png,0,tbx11k,s4187.png,0,0,0.9999997615814209
tbx11k,s1855.png,0,tbx11k,s2653.png,0,0,0.9999995231628418
tbx11k,s1858.png,0,tbx11k,s4449.png,0,0,0.9999998807907104
tbx11k,s1861.png,0,tbx11k,s2139.png,0,0,0.9999998807907104
tbx11k,s1870.png,0,tbx11k,s2609.png,0,0,1.0
tbx11k,s1908.png,0,tbx11k,s4844.png,0,0,0.9999711513519287
tbx11k,s1936.png,0,tbx11k,s4442.png,0,0,0.9999997615814209
tbx11k,s1948.png,0,tbx11k,s2249.png,0,2,0.9986492395401001
tbx11k,s1957.png,0,tbx11k,s2150.png,0,0,0.9999445676803589
tbx11k,s1976.png,0,tbx11k,s2413.png,0,0,0.9999998807907104
tbx11k,s2016.png,0,tbx11k,s2568.png,0,0,1.0000001192092896
tbx11k,s2017.png,0,tbx11k,s3051.png,0,0,0.9999998211860657
tbx11k,s2023.png,0,tbx11k,s3669.png,0,0,0.9999964237213135
tbx11k,s2082.png,0,tbx11k,s3844.png,0,2,0.9994365572929382
tbx11k,s2093.png,0,tbx11k,s3662.png,0,0,1.0000004768371582
tbx11k,s2106.png,0,tbx11k,s2276.png,0,0,0.9999995827674866
tbx11k,s2202.png,0,tbx11k,s4121.png,0,0,1.0
tbx11k,s2252.png,0,tbx11k,s3763.png,0,0,1.000000238418579
tbx11k,s2268.png,0,tbx11k,s2665.png,0,0,1.0000001192092896
tbx11k,s2293.png,0,tbx11k,s4090.png,0,0,0.9999045133590698
tbx11k,s2311.png,0,tbx11k,s4026.png,0,0,1.0000001192092896
tbx11k,s2322.png,0,tbx11k,s4240.png,0,0,0.9999997615814209
tbx11k,s2333.png,0,tbx11k,s4537.png,0,0,1.0
tbx11k,s2339.png,0,tbx11k,s3687.png,0,0,0.9999855756759644
tbx11k,s2400.png,0,tbx11k,s4968.png,0,0,1.000000238418579
tbx11k,s2410.png,0,tbx11k,s3113.png,0,0,0.9999997615814209
tbx11k,s2432.png,0,tbx11k,s3677.png,0,0,0.9999998807907104
tbx11k,s2456.png,0,tbx11k,s2507.png,0,0,1.0
tbx11k,s2464.png,0,tbx11k,s3385.png,0,0,0.9999988079071045
tbx11k,s2488.png,0,tbx11k,s3912.png,0,2,0.9968706369400024
tbx11k,s2508.png,0,tbx11k,s4607.png,0,0,0.9999997615814209
tbx11k,s2515.png,0,tbx11k,s3756.png,0,0,1.0
tbx11k,s2550.png,0,tbx11k,s4069.png,0,0,1.0000001192092896
tbx11k,s2578.png,0,tbx11k,s4337.png,0,0,0.9999740123748779
tbx11k,s2607.png,0,tbx11k,s3597.png,0,0,0.9999998807907104
tbx11k,s2649.png,0,tbx11k,s4950.png,0,0,1.000000238418579
tbx11k,s2669.png,0,tbx11k,s4818.png,0,0,1.0000001192092896
tbx11k,s2739.png,0,tbx11k,s4030.png,0,0,1.0
tbx11k,s2757.png,0,tbx11k,s2977.png,0,0,0.9999998807907104
tbx11k,s2831.png,0,tbx11k,s4411.png,0,0,1.0000003576278687
tbx11k,s2833.png,0,tbx11k,s2932.png,0,0,1.0
tbx11k,s2884.png,0,tbx11k,s2993.png,0,0,0.9999997615814209
tbx11k,s2945.png,0,tbx11k,s4702.png,0,0,1.0
tbx11k,s3050.png,0,tbx11k,s4626.png,0,2,0.9964481592178345
tbx11k,s3322.png,0,tbx11k,s3438.png,0,0,1.0000003576278687
tbx11k,s3346.png,0,tbx11k,s4112.png,0,0,0.9999999403953552
tbx11k,s3352.png,0,tbx11k,s4748.png,0,0,1.0000001192092896
tbx11k,s3430.png,0,tbx11k,s3648.png,0,0,1.0
tbx11k,s3454.png,0,tbx11k,s3786.png,0,0,0.9999998807907104
tbx11k,s3503.png,0,tbx11k,s4248.png,0,0,0.9999994039535522
tbx11k,s3610.png,0,tbx11k,s3977.png,0,0,0.9999748468399048
tbx11k,s3710.png,0,tbx11k,s4279.png,0,0,1.0
tbx11k,s3758.png,0,tbx11k,s4110.png,0,0,0.9999997615814209
tbx11k,s3816.png,0,tbx11k,s4749.png,0,0,1.0
tbx11k,s3838.png,0,tbx11k,s3921.png,0,0,1.0
tbx11k,s3839.png,0,tbx11k,s3902.png,0,0,1.0000001192092896
tbx11k,s3895.png,0,tbx11k,s4809.png,0,0,0.9999997615814209
tbx11k,s4018.png,0,tbx11k,s4576.png,0,0,0.9999998211860657
tbx11k,s4089.png,0,tbx11k,s4567.png,0,0,1.0
tbx11k,s4125.png,0,tbx11k,s4217.png,0,0,1.0000001192092896
tbx11k,s4318.png,0,tbx11k,s4678.png,0,0,1.000000238418579
tbx11k,s4402.png,0,tbx11k,s4862.png,0,0,1.000000238418579
tbx11k,s4407.png,0,tbx11k,s4976.png,0,0,1.0000001192092896
tbx11k,s4579.png,0,tbx11k,s4932.png,0,0,1.0000001192092896
tbx11k,s4824.png,0,tbx11k,s4960.png,0,0,1.0000001192092896
