corpus,id
pakistan,TB.2040.jpg
pakistan,TB.2246.jpg
pakistan,TB.513.jpg
pakistan,TB.528.jpg
pakistan,TB.531.jpg
pakistan,TB.546.jpg
pakistan,TB.561.jpg
pakistan,TB.572.jpg
pakistan,TB.574.jpg
pakistan,TB.672.jpg
pakistan,TB.686.jpg
pakistan,TB.691.jpg
pakistan,TB.714.jpg
pakistan,TB.715.jpg
pakistan,TB.717.jpg
pakistan,TB.722.jpg
pakistan,TB.724.jpg
pakistan,TB.731.jpg
pakistan,TB.736.jpg
pakistan,TB.738.jpg
pakistan,TB.739.jpg
pakistan,TB.740.jpg
pakistan,TB.743.jpg
pakistan,TB.745.jpg
pakistan,TB.752.jpg
pakistan,TB.753.jpg
pakistan,TB.754.jpg
pakistan,TB.779.jpg
pakistan,TB.790.jpg
pakistan,others (508).jpg
pakistan,others (76).jpg
pakistan,others (77).jpg
pakistan,others (78).jpg
pakistan,others (79).jpg
pakistan,others (80).jpg
qatar,Normal-95.png
qatar,Tuberculosis-165.png
qatar,Tuberculosis-244.png
qatar,Tuberculosis-348.png
qatar,Tuberculosis-405.png
qatar,Tuberculosis-430.png
qatar,Tuberculosis-449.png
qatar,Tuberculosis-468.png
qatar,Tuberculosis-469.png
qatar,Tuberculosis-470.png
qatar,Tuberculosis-471.png
qatar,Tuberculosis-510.png
qatar,Tuberculosis-582.png
shenzhen,CHNCXR_0162_0.png
tbx11k,h0269.png
tbx11k,h0279.png
tbx11k,h0577.png
tbx11k,h0948.png
tbx11k,h0955.png
tbx11k,h1532.png
tbx11k,h1568.png
tbx11k,h1616.png
tbx11k,h2090.png
tbx11k,h2170.png
tbx11k,h2209.png
tbx11k,h2300.png
tbx11k,h2314.png
tbx11k,h2444.png
tbx11k,h2545.png
tbx11k,h2707.png
tbx11k,h2871.png
tbx11k,h2901.png
tbx11k,h2915.png
tbx11k,h3046.png
tbx11k,h3126.png
tbx11k,h3202.png
tbx11k,h3307.png
tbx11k,h3348.png
tbx11k,h3387.png
tbx11k,h3400.png
tbx11k,h3500.png
tbx11k,h3712.png
tbx11k,h3721.png
tbx11k,h3797.png
tbx11k,h3820.png
tbx11k,h3896.png
tbx11k,h3905.png
tbx11k,h3962.png
tbx11k,h3975.png
tbx11k,h3983.png
tbx11k,h4018.png
tbx11k,h4074.png
tbx11k,h4110.png
tbx11k,h4142.png
tbx11k,h4183.png
tbx11k,h4244.png
tbx11k,h4261.png
tbx11k,h4281.png
tbx11k,h4286.png
tbx11k,h4287.png
tbx11k,h4366.png
tbx11k,h4419.png
tbx11k,h4423.png
tbx11k,h4449.png
tbx11k,h4531.png
tbx11k,h4575.png
tbx11k,h4594.png
tbx11k,h4647.png
tbx11k,h4750.png
tbx11k,h4770.png
tbx11k,h4789.png
tbx11k,h4856.png
tbx11k,h4859.png
tbx11k,h4900.png
tbx11k,h4903.png
tbx11k,h4930.png
tbx11k,h4958.png
tbx11k,s0215.png
tbx11k,s0278.png
tbx11k,s0398.png
tbx11k,s0480.png
tbx11k,s0632.png
tbx11k,s0707.png
tbx11k,s0715.png
tbx11k,s0740.png
tbx11k,s0759.png
tbx11k,s0905.png
tbx11k,s0935.png
tbx11k,s0990.png
tbx11k,s1016.png
tbx11k,s1066.png
tbx11k,s1102.png
tbx11k,s1267.png
tbx11k,s1281.png
tbx11k,s1294.png
tbx11k,s1337.png
tbx11k,s1345.png
tbx11k,s1372.png
tbx11k,s1421.png
tbx11k,s1441.png
tbx11k,s1450.png
tbx11k,s1542.png
tbx11k,s1623.png
tbx11k,s1758.png
tbx11k,s1765.png
tbx11k,s1770.png
tbx11k,s1779.png
tbx11k,s1939.png
tbx11k,s1964.png
tbx11k,s1983.png
tbx11k,s1987.png
tbx11k,s1995.png
tbx11k,s2068.png
tbx11k,s2117.png
tbx11k,s2139.png
tbx11k,s2150.png
tbx11k,s2154.png
tbx11k,s2164.png
tbx11k,s2166.png
tbx11k,s2193.png
tbx11k,s2194.png
tbx11k,s2210.png
tbx11k,s2249.png
tbx11k,s2254.png
tbx11k,s2276.png
tbx11k,s2287.png
tbx11k,s2295.png
tbx11k,s2343.png
tbx11k,s2345.png
tbx11k,s2349.png
tbx11k,s2413.png
tbx11k,s2415.png
tbx11k,s2458.png
tbx11k,s2500.png
tbx11k,s2507.png
tbx11k,s2542.png
tbx11k,s2558.png
tbx11k,s2568.png
tbx11k,s2583.png
tbx11k,s2609.png
tbx11k,s2610.png
tbx11k,s2653.png
tbx11k,s2665.png
tbx11k,s2752.png
tbx11k,s2760.png
tbx11k,s2801.png
tbx11k,s2856.png
tbx11k,s2857.png
tbx11k,s2904.png
tbx11k,s2932.png
tbx11k,s2953.png
tbx11k,s2977.png
tbx11k,s2993.png
tbx11k,s3006.png
tbx11k,s3012.png
tbx11k,s3051.png
tbx11k,s3062.png
tbx11k,s3098.png
tbx11k,s3113.png
tbx11k,s3255.png
tbx11k,s3270.png
tbx11k,s3291.png
tbx11k,s3370.png
tbx11k,s3378.png
tbx11k,s3385.png
tbx11k,s3438.png
tbx11k,s3446.png
tbx11k,s3479.png
tbx11k,s3517.png
tbx11k,s3576.png
tbx11k,s3597.png
tbx11k,s3624.png
tbx11k,s3628.png
tbx11k,s3642.png
tbx11k,s3648.png
tbx11k,s3662.png
tbx11k,s3669.png
tbx11k,s3677.png
tbx11k,s3687.png
tbx11k,s3714.png
tbx11k,s3741.png
tbx11k,s3756.png
tbx11k,s3763.png
tbx11k,s3786.png
tbx11k,s3794.png
tbx11k,s3834.png
tbx11k,s3844.png
tbx11k,s3878.png
tbx11k,s3886.png
tbx11k,s3902.png
tbx11k,s3912.png
tbx11k,s3921.png
tbx11k,s3977.png
tbx11k,s4003.png
tbx11k,s4015.png
tbx11k,s4017.png
tbx11k,s4019.png
tbx11k,s4026.png
tbx11k,s4030.png
tbx11k,s4058.png
tbx11k,s4069.png
tbx11k,s4090.png
tbx11k,s4110.png
tbx11k,s4112.png
tbx11k,s4121.png
tbx11k,s4187.png
tbx11k,s4217.png
tbx11k,s4240.png
tbx11k,s4245.png
tbx11k,s4248.png
tbx11k,s4279.png
tbx11k,s4284.png
tbx11k,s4337.png
tbx11k,s4401.png
tbx11k,s4411.png
tbx11k,s4414.png
tbx11k,s4415.png
tbx11k,s4442.png
tbx11k,s4449.png
tbx11k,s4496.png
tbx11k,s4529.png
tbx11k,s4537.png
tbx11k,s4567.png
tbx11k,s4574.png
tbx11k,s4576.png
tbx11k,s4596.png
tbx11k,s4607.png
tbx11k,s4617.png
tbx11k,s4621.png
tbx11k,s4626.png
tbx11k,s4678.png
tbx11k,s4702.png
tbx11k,s4748.png
tbx11k,s4749.png
tbx11k,s4809.png
tbx11k,s4818.png
tbx11k,s4844.png
tbx11k,s4856.png
tbx11k,s4862.png
tbx11k,s4932.png
tbx11k,s4950.png
tbx11k,s4960.png
tbx11k,s4968.png
tbx11k,s4974.png
tbx11k,s4976.png
